Year,Month,Day,Hour,Minute,Temperature  [2 m above gnd],Relative Humidity  [2 m above gnd],Mean Sea Level Pressure  [MSL],Total Precipitation (high resolution)  [sfc],Snowfall Amount (high resolution)  [sfc],Total Cloud Cover  [sfc],High Cloud Cover  [high cld lay],Medium Cloud Cover  [mid cld lay],Low Cloud Cover  [low cld lay],Sunshine Duration  [sfc],Wind Speed  [10 m above gnd],Wind Direction  [10 m above gnd],Wind Gust  [sfc]
2019,3,25,0,0,8.17,73,1020.7,0,0,0,0,0,0,-999,5.12,50.71,11.88
2019,3,25,1,0,7.58,76,1020.5,0,0,0.3,1,0,0,0,5.4,53.13,12.6
2019,3,25,2,0,7.03,79,1019.7,0,0,1.2,4,0,0,0,5.4,53.13,13.68
2019,3,25,3,0,6.44,82,1019,0,0,11.7,39,7,0,0,5.9,52.43,13.32
2019,3,25,4,0,5.84,86,1018.5,0,0,68,100,68,0,0,5.9,52.43,14.04
2019,3,25,5,0,5.67,90,1017.6,0,0,100,100,100,0,0,7.17,72.47,10.8
2019,3,25,6,0,5.42,91,1017.1,0,0,100,100,100,0,0,7.17,72.47,11.52
2019,3,25,7,0,5.18,91,1016.4,0,0,41,49,41,0,0,7.42,75.96,11.52
2019,3,25,8,0,5.31,91,1015.9,0,0,7.8,26,1,0,33.1,6.92,81.03,10.8
2019,3,25,9,0,7.95,79,1015.4,0,0,35,29,35,0,55.02,6.29,76.76,12.96
2019,3,25,10,0,10.68,66,1014.7,0,0,100,47,100,0,37.66,7.63,70.71,11.52
2019,3,25,11,0,12.72,58,1014,0,0,94,28,94,0,0,7.42,75.96,14.4
2019,3,25,12,0,14.31,51,1013.4,0,0,100,100,100,3,0,8.31,85.03,16.2
2019,3,25,13,0,15.73,46,1012.6,0,0,100,100,100,0,0,9.75,85.76,15.12
2019,3,25,14,0,16.87,41,1011.7,0,0,100,100,100,0,0,9.83,98.43,14.04
2019,3,25,15,0,17.49,38,1011,0,0,100,100,100,5,0,10.99,121.61,14.4
2019,3,25,16,0,17.18,36,1010.6,0,0,100,100,100,100,0,12.6,143.13,21.24
2019,3,25,17,0,16.25,38,1010.9,0,0,100,100,100,100,0,14.46,161.11,16.2
2019,3,25,18,0,14.57,47,1011.5,0,0,100,100,100,100,0,14.84,165.96,21.6
2019,3,25,19,0,13.67,53,1011.4,0,0,71,1,9,71,0,10.25,161.57,18.36
2019,3,25,20,0,12.67,59,1011.6,0,0,100,0,32,100,7.6,6.15,159.44,13.68
2019,3,25,21,0,11.78,66,1012.6,0,0,100,0,100,100,0,6.49,183.18,15.84
2019,3,25,22,0,10.33,80,1013.4,0.3,0,100,0,100,100,0,8.77,199.18,18.36
2019,3,25,23,0,9.33,85,1014,0.2,0,100,0,52,100,0,10.5,202.17,20.88
2019,3,26,0,0,8.29,85,1014.9,0,0,100,0,20,100,0,11.84,199.54,24.48
2019,3,26,1,0,7.3,84,1015.4,0,0,100,0,100,100,0,13.45,195.52,25.56
2019,3,26,2,0,6.6,81,1015.7,0,0,100,0,100,100,0,13.76,186.01,25.2
2019,3,26,3,0,6.32,80,1015.5,0,0,100,0,100,100,0,12.26,176.63,24.84
2019,3,26,4,0,5.9,83,1015.9,0,0,92,0,2,92,0,11.09,166.87,20.16
2019,3,26,5,0,5.65,96,1018,0,0,90,0,3,90,0,9.51,150.52,22.68
2019,3,26,6,0,5.7,96,1018.1,0,0,100,0,4,100,0,10.19,147.99,23.4
2019,3,26,7,0,5.69,95,1018.1,0,0,100,0,4,100,0,10.59,144.69,21.96
2019,3,26,8,0,6.41,91,1018.6,0,0,100,0,6,100,0,11.92,151.11,22.68
2019,3,26,9,0,7.31,86,1018.8,0,0,24,0,5,24,0,12.41,163.14,21.96
2019,3,26,10,0,7.8,78,1018.7,0,0,100,0,3,100,44.68,12.37,171.63,20.16
2019,3,26,11,0,9.22,70,1018.9,0,0,100,0,0,100,0,11.57,174.64,19.44
2019,3,26,12,0,10.13,65,1019,0,0,100,0,0,100,0,10.11,175.91,16.56
2019,3,26,13,0,10.2,62,1018.8,0,0,10,0,0,10,0,8.29,177.51,14.4
2019,3,26,14,0,11.57,55,1018.3,0,0,5,0,0,5,53.62,5.77,183.58,11.16
2019,3,26,15,0,12.19,53,1017.9,0,0,0,0,0,0,56.81,2.28,198.43,6.84
2019,3,26,16,0,12.53,48,1017.1,0,0,8,0,0,8,60,2.31,308.66,5.4
2019,3,26,17,0,12.53,48,1016.9,0,0,0,0,0,0,54.89,5.15,347.91,6.48
2019,3,26,18,0,12.15,48,1016.7,0,0,0,0,0,0,60,7.93,357.4,7.56
2019,3,26,19,0,11.33,50,1016.8,0,0,0,0,0,0,60,8.29,357.51,7.56
2019,3,26,20,0,10.01,58,1016.9,0,0,0,0,0,0,32.47,7.93,357.4,13.68
2019,3,26,21,0,8.83,65,1017,0,0,0,0,0,0,0,7.57,2.73,17.28
2019,3,26,22,0,7.62,72,1016.7,0,0,3,2,1,3,0,7.34,11.31,19.44
2019,3,26,23,0,6.62,79,1016.4,0,0,2,2,2,0,0,7.52,16.7,19.44
2019,3,27,0,0,5.7,84,1016.3,0,0,3,0,3,3,0,7.29,20.22,19.8
2019,3,27,1,0,4.94,88,1015.9,0,0,3,0,2,3,0,6.95,21.25,20.16
2019,3,27,2,0,4.27,91,1015.4,0,0,13,0,1,13,0,7.09,23.96,20.52
2019,3,27,3,0,3.76,93,1015.3,0,0,16,0,0,16,0,6.95,21.25,21.24
2019,3,27,4,0,3.25,95,1014.8,0,0,28,0,0,28,0,6.95,21.25,21.24
2019,3,27,5,0,3.5,78,1014.5,0,0,0,0,0,0,0,8.4,59.04,18.36
2019,3,27,6,0,2.74,80,1014.1,0,0,0,0,0,0,0,9.02,61.39,18.36
2019,3,27,7,0,1.91,83,1013.2,0,0,0,0,0,0,2.78,9.66,63.43,19.44
2019,3,27,8,0,2.28,81,1013,0,0,1,1,0,1,60,9.03,66.5,18.72
2019,3,27,9,0,5.51,69,1012.7,0,0,3.3,11,0,1,59.36,7.64,45,19.8
2019,3,27,10,0,8.41,58,1012,0,0,8.4,28,1,0,57.89,8.29,34.38,19.8
2019,3,27,11,0,10.91,49,1011.6,0,0,6,15,6,0,54.64,8.71,38.29,20.52
2019,3,27,12,0,13.14,40,1010.9,0,0,21,37,21,0,56.17,9.45,40.36,19.08
2019,3,27,13,0,14.86,34,1010.2,0,0,35,98,35,0,46.6,9.67,45,19.08
2019,3,27,14,0,16.26,28,1009.7,0,0,100,99,100,1,37.66,9.79,53.97,17.28
2019,3,27,15,0,17.2,26,1009,0,0,100,100,100,5,0,8.22,61.19,13.68
2019,3,27,16,0,17.6,25,1009.1,0,0,100,100,100,96,0,5.4,90,11.16
2019,3,27,17,0,16.86,25,1010.2,0,0,100,100,100,100,0,7.9,149.93,12.6
2019,3,27,18,0,15.29,28,1011.7,0,0,100,100,100,100,0,13.49,170.79,25.2
2019,3,27,19,0,13.22,38,1013.5,0,0,100,100,100,100,0,14.76,180,22.68
2019,3,27,20,0,11.04,54,1015,0,0,100,100,100,100,0,14.51,187.13,20.16
2019,3,27,21,0,9.73,68,1016.1,0,0,100,100,100,100,0,11.09,193.13,16.2
2019,3,27,22,0,8.97,78,1016.8,0,0,100,100,100,100,0,7.57,205.35,11.88
2019,3,27,23,0,8.56,83,1017.1,0,0,100,100,100,100,0,6.19,215.54,10.44
2019,3,28,0,0,8.21,86,1017.4,0,0,100,100,100,100,0,4.9,216.03,10.8
2019,3,28,1,0,7.91,89,1017.5,0,0,100,100,100,100,0,4.02,206.57,9.72
2019,3,28,2,0,7.78,90,1018.3,0.1,0,100,100,100,100,0,3.26,186.34,8.28
2019,3,28,3,0,7.63,92,1018.9,0.2,0,100,100,100,100,0,2.62,164.05,7.2
2019,3,28,4,0,7.46,92,1019.1,0.2,0,100,95,100,100,0,2.81,140.19,6.84
2019,3,28,5,0,6.17,91,1020,0,0,27,0,2,27,0,3.88,158.2,7.56
2019,3,28,6,0,5.86,93,1020.2,0,0,32,1,3,32,0,3.71,150.95,6.48
2019,3,28,7,0,5.62,94,1020.9,0,0,15,2,0,15,3.17,3.56,135,5.76
2019,3,28,8,0,6.05,92,1021.4,0,0,21,2,1,21,50.43,2.81,129.81,6.12
2019,3,28,9,0,7.84,81,1021.5,0,0,20,2,2,20,46.6,2.19,170.54,4.32
2019,3,28,10,0,9.75,70,1021.6,0,0,5.4,18,2,0,47.23,1.44,180,3.24
2019,3,28,11,0,11.48,60,1021.8,0,0,6,7,6,0,56.55,0.8,243.43,1.44
2019,3,28,12,0,12.86,54,1021.7,0,0,12,15,12,0,56.17,1.3,303.69,1.08
2019,3,28,13,0,13.95,48,1021.7,0,0,16,24,16,0,52.34,2.6,326.31,2.16
2019,3,28,14,0,14.82,43,1021.4,0,0,46,34,46,0,49.79,4.21,340.02,3.24
2019,3,28,15,0,15.4,40,1021.1,0,0,100,24,100,0,30.64,5.86,349.38,5.04
2019,3,28,16,0,15.66,39,1020.9,0,0,100,20,100,0,0,6.92,351.03,6.12
2019,3,28,17,0,15.62,38,1021.1,0,0,98,13,98,0,0,7.64,351.87,7.2
2019,3,28,18,0,15.17,39,1021.1,0,0,51,1,51,0,0,8.76,350.54,8.28
2019,3,28,19,0,14.27,43,1021.8,0,0,0,0,0,0,27.45,8.47,347.74,9.72
2019,3,28,20,0,12.73,50,1022.2,0,0,0,0,0,0,35.32,7.52,343.3,14.76
2019,3,28,21,0,11.42,56,1022.9,0,0,0,0,0,0,0,7.34,348.69,15.48
2019,3,28,22,0,10.08,64,1023.3,0,0,0,0,0,0,0,6.52,353.66,15.84
2019,3,28,23,0,8.96,71,1023.5,0,0,0,0,0,0,0,5.76,360,15.84
2019,3,29,0,0,8.01,77,1024.1,0,0,0,0,0,0,0,5.05,4.09,15.48
2019,3,29,1,0,7.27,82,1024.4,0,0,0,0,0,0,0,4.38,9.46,16.2
2019,3,29,2,0,6.66,85,1024.9,0,0,2,2,0,2,0,3.67,11.31,15.84
2019,3,29,3,0,6.18,88,1025.4,0,0,1.5,5,0,0,0,3.32,12.53,15.12
2019,3,29,4,0,5.75,90,1025.6,0,0,26,5,0,26,0,3.32,12.53,14.76
2019,3,29,5,0,7.4,78,1024.8,0,0,6,1,6,2,0,2.62,105.95,2.52
2019,3,29,6,0,6.95,81,1025.4,0,0,3,2,0,3,0,2.74,113.2,2.16
2019,3,29,7,0,6.59,83,1026.3,0,0,2,3,0,2,6.62,2.41,116.57,1.8
2019,3,29,8,0,6.85,83,1026.7,0,0,100,4,3,100,58.72,1.53,135,1.8
2019,3,29,9,0,8.27,77,1027.1,0,0,100,15,11,100,0,1.08,270,4.32
2019,3,29,10,0,9.34,72,1027.3,0,0,100,21,28,100,0,3.22,296.57,4.68
2019,3,29,11,0,10.4,67,1027.6,0,0,100,22,70,100,0,5,300.26,5.4
2019,3,29,12,0,11.54,60,1028.1,0,0,100,26,100,100,0,5.99,302.74,6.12
2019,3,29,13,0,12.68,54,1028.5,0,0,100,18,100,100,0,6.19,305.54,5.76
2019,3,29,14,0,13.81,48,1028.5,0,0,100,2,100,100,0,6.41,308.16,5.76
2019,3,29,15,0,14.55,44,1028.2,0,0,100,0,100,100,0,6.13,310.24,5.04
2019,3,29,16,0,15.02,41,1028.1,0,0,100,0,100,100,0,6.13,310.24,4.68
2019,3,29,17,0,15.29,40,1028.1,0,0,100,0,100,100,0,6.13,310.24,5.04
2019,3,29,18,0,15.29,40,1028.4,0,0,76,0,72,76,0,5.86,317.49,5.04
2019,3,29,19,0,14.54,43,1028.6,0,0,26,0,26,5,11.49,5.12,320.71,4.68
2019,3,29,20,0,13.48,46,1029.2,0,0,8,0,8,0,26.58,3.6,323.13,4.32
2019,3,29,21,0,12.62,49,1029.8,0,0,7,0,0,7,0,2.74,336.8,4.32
2019,3,29,22,0,11.71,52,1030.1,0,0,23,0,23,15,0,2.62,344.05,3.96
2019,3,29,23,0,10.92,56,1030.4,0,0,10,0,0,10,0,1.84,11.31,3.6
2019,3,30,0,0,10.19,59,1030.3,0,0,15,0,2,15,0,2.1,59.04,3.24
2019,3,30,1,0,9.53,62,1030.4,0,0,18,0,2,18,0,2.55,81.87,2.52
2019,3,30,2,0,8.88,65,1030.6,0,0,18,0,2,18,0,2.88,90,1.8
2019,3,30,3,0,8.34,68,1030.9,0,0,7,0,0,7,0,3.26,96.34,1.44
2019,3,30,4,0,7.72,72,1031,0,0,9,0,0,9,0,3.67,101.31,1.8
2019,3,30,5,0,6.72,85,1030.2,0,0,1,0,0,1,0,6.49,109.44,6.48
2019,3,30,6,0,6.1,87,1030.7,0,0,3,0,0,3,0,6.83,108.43,6.84
2019,3,30,7,0,5.6,87,1031.2,0,0,0,0,0,0,8.58,7.29,110.22,6.84
2019,3,30,8,0,5.77,85,1031.2,0,0,1,0,0,1,60,6.49,109.44,4.32
2019,3,30,9,0,8.08,74,1031.1,0,0,0,0,0,0,59.36,5.15,114.78,3.6
2019,3,30,10,0,10.31,65,1030.8,0,0,0,0,0,0,60,1.53,135,2.16
2019,3,30,11,0,12.34,60,1030.5,0,0,0,0,0,0,60,1.48,284.04,1.44
2019,3,30,12,0,14.09,55,1030.2,0,0,0,0,0,0,60,3.1,305.54,2.16
2019,3,30,13,0,15.41,50,1030,0,0,0,0,0,0,60,4.58,315,3.6
2019,3,30,14,0,16.42,46,1029.2,0,0,0,0,0,0,60,5.86,317.49,4.68
2019,3,30,15,0,17.08,43,1028.6,0,0,0,0,0,0,60,6.99,325.49,6.12
2019,3,30,16,0,17.36,41,1027.6,0,0,0,0,0,0,60,8.22,331.19,7.2
2019,3,30,17,0,17.29,40,1027.1,0,0,0,0,0,0,60,9.34,332.45,7.92
2019,3,30,18,0,16.82,41,1027.2,0,0,0,0,0,0,60,9.83,336.25,9
2019,3,30,19,0,15.89,45,1027.4,0,0,0,0,0,0,60,8.7,335.56,10.08
2019,3,30,20,0,14.28,51,1027.5,0,0,0.6,2,0,0,38.16,7.24,333.43,13.32
2019,3,30,21,0,13.02,56,1027.9,0,0,1.8,6,0,0,0,6.83,341.57,12.96
2019,3,30,22,0,11.85,61,1027.7,0,0,4,9,4,0,0,5.41,356.19,12.96
2019,3,30,23,0,10.97,66,1027.6,0,0,34,11,34,0,0,4.45,14.04,13.68
2019,3,31,0,0,10.26,69,1027.5,0,0,38,4,38,0,0,3.89,33.69,12.6
2019,3,31,1,0,9.58,73,1027.5,0,0,42,16,42,0,0,3.32,49.4,11.52
2019,3,31,2,0,8.83,77,1027.6,0,0,37,40,37,0,0,3.22,63.43,10.8
2019,3,31,3,0,8.3,80,1027.5,0,0,33,50,33,0,0,3.76,73.3,7.56
2019,3,31,4,0,7.88,82,1027.1,0,0,47,31,47,0,0,4.02,79.7,6.84
2019,3,31,5,0,7.77,91,1026,0,0,24,0,24,0,0,4.32,90,4.32
2019,3,31,6,0,7.35,93,1025.9,0,0,0,0,0,0,0,4.68,90,4.32
2019,3,31,7,0,6.89,95,1025.9,0,0,0,0,0,0,10.88,4.32,90,4.32
2019,3,31,8,0,7.09,94,1025.7,0,0,1.5,5,0,0,60,3.62,84.29,4.32
2019,3,31,9,0,9.33,82,1025,0,0,4.2,14,0,0,59.04,1.53,45,5.76
2019,3,31,10,0,11.84,70,1024.8,0,0,3.6,12,0,0,57.32,2.16,360,5.4
2019,3,31,11,0,13.82,60,1024.4,0,0,1.2,4,0,0,57.7,3.22,333.43,5.04
2019,3,31,12,0,15.6,51,1024.1,0,0,1,1,1,0,59.23,4.69,327.53,6.12
2019,3,31,13,0,16.85,44,1023.6,0,0,3,0,3,0,59.36,6.12,331.93,6.84
2019,3,31,14,0,17.76,38,1023.1,0,0,5,1,5,0,58.09,6.61,330.64,6.12
2019,3,31,15,0,18.27,35,1021.8,0,0,0,0,0,0,56.81,6.92,332.1,6.12
2019,3,31,16,0,18.48,34,1021.2,0,0,1.2,4,0,0,60,7.79,326.31,6.84
2019,3,31,17,0,18.37,32,1021.1,0,0,0,0,0,0,59.23,9.09,326.31,7.2
2019,3,31,18,0,17.82,33,1020.8,0,0,2,0,2,0,60,10.14,332.53,9
2019,3,31,19,0,16.77,36,1020.8,0,0,1,1,1,0,58.72,8.7,335.56,11.52
2019,3,31,20,0,14.93,42,1020.6,0,0,3.9,13,3,0,39.15,7.29,339.78,15.84
2019,3,31,21,0,13.54,48,1020.5,0,0,42,100,42,0,0,6.88,353.99,17.28
2019,3,31,22,0,12.29,53,1020.3,0,0,33,100,33,0,0,6.16,6.71,18
2019,3,31,23,0,11.28,58,1019.9,0,0,41,100,41,0,0,5.69,18.43,18.36
2019,4,1,0,0,10.5,63,1019.6,0,0,32,100,32,0,0,5.5,31.61,18.36
2019,4,1,1,0,9.93,67,1019.4,0,0,30,100,6,0,0,5.19,33.69,18
2019,4,1,2,0,9.49,69,1019.2,0,0,30,100,14,0,0,5.09,45,17.28
2019,4,1,3,0,9.19,71,1018.7,0,0,57,100,57,0,0,5.09,45,16.56
2019,4,1,4,0,8.94,72,1017.9,0,0,100,100,100,2,0,4.84,48.01,15.84
2019,4,1,5,0,7.93,85,1019,0,0,100,100,100,0,0,4.9,53.97,13.32
2019,4,1,6,0,7.65,85,1018.8,0,0,100,100,100,0,0,5.19,56.31,12.96
2019,4,1,7,0,7.37,85,1018.5,0,0,100,100,100,0,0,5.19,56.31,12.96
2019,4,1,8,0,7.93,82,1018.1,0,0,100,100,100,0,0,5,59.74,12.96
2019,4,1,9,0,10.34,71,1017.6,0,0,100,100,100,0,0,4.51,28.61,14.76
2019,4,1,10,0,12.88,59,1017.2,0,0,100,100,100,0,0,5.48,23.2,12.96
2019,4,1,11,0,15.01,50,1016.6,0,0,100,100,100,2,0,5.82,21.8,11.16
2019,4,1,12,0,16.91,43,1016.1,0,0,100,100,100,10,0,5.19,33.69,10.08
2019,4,1,13,0,18.43,38,1016.1,0,0,94,100,94,13,0,4.39,55.01,10.44
2019,4,1,14,0,19.58,34,1015.5,0,0,93,100,93,4,0,4.1,74.74,10.08
2019,4,1,15,0,20.28,32,1014.4,0,0,72,83,72,0,0.64,3.98,84.81,9
2019,4,1,16,0,20.62,30,1013.6,0,0,68,87,68,10,14.04,3.62,84.29,9
2019,4,1,17,0,20.65,29,1013.2,0,0,79,54,79,10,16.6,3.32,77.47,9.72
2019,4,1,18,0,20.29,29,1013,0,0,37,44,37,10,9.57,2.9,60.26,14.76
2019,4,1,19,0,19.4,31,1012.9,0,0,22,23,22,0,36.38,2.1,30.96,10.8
2019,4,1,20,0,18.15,33,1013.1,0,0,17,21,17,0,31.4,2.6,33.69,10.8
2019,4,1,21,0,16.81,38,1013.1,0,0,37,25,37,0,0,3.22,63.43,11.88
2019,4,1,22,0,15.31,43,1013,0,0,55,91,55,0,0,4.21,70.02,12.24
2019,4,1,23,0,14.14,48,1012.7,0,0,100,100,100,0,0,5.15,77.91,12.24
2019,4,2,0,0,13.07,52,1012.8,0,0,100,100,100,0,0,5.86,79.38,11.16
2019,4,2,1,0,12.21,56,1012.9,0,0,100,100,100,0,0,6.21,79.99,17.28
2019,4,2,2,0,11.42,59,1012.7,0,0,100,100,100,0,0,6.99,78.11,17.64
2019,4,2,3,0,10.74,61,1012.5,0,0,100,100,100,0,0,6.15,69.44,16.92
2019,4,2,4,0,9.93,64,1012,0,0,88,100,88,0,0,6.62,67.62,15.12
2019,4,2,5,0,8.39,73,1011.3,0,0,100,100,100,0,0,8.31,85.03,9.72
2019,4,2,6,0,8.14,73,1011.2,0,0,100,100,100,1,0,8.35,82.57,16.92
2019,4,2,7,0,7.98,74,1011,0,0,100,100,100,0,0,7.99,82.23,16.92
2019,4,2,8,0,9.13,71,1010.8,0,0,100,100,100,3,0,6.57,80.54,11.88
2019,4,2,9,0,11.73,58,1010.7,0,0,100,100,100,7,0,4.8,77.01,12.24
2019,4,2,10,0,14.35,46,1010.4,0,0,100,100,100,14,0,3.96,90,14.04
2019,4,2,11,0,16.41,37,1009.8,0,0,100,100,100,9,0,3.62,95.71,15.12
2019,4,2,12,0,17.84,31,1009.2,0,0,100,100,100,19,0,3.55,113.96,13.68
2019,4,2,13,0,18.39,28,1008.8,0,0,100,100,97,100,0,4.33,131.63,12.24
2019,4,2,14,0,18.54,27,1008.7,0,0,100,100,100,100,0,5.62,140.19,12.24
2019,4,2,15,0,18.64,26,1008.5,0,0,100,100,89,100,0,6.49,146.31,12.24
2019,4,2,16,0,18.3,27,1008,0,0,100,100,100,100,0,6.76,154.8,12.24
2019,4,2,17,0,17.94,29,1007.9,0,0,100,100,100,100,0,7.17,162.47,11.16
2019,4,2,18,0,17.5,30,1007.9,0,0,100,100,100,100,0,7.7,169.22,11.88
2019,4,2,19,0,16.78,33,1008.2,0,0,100,100,100,100,0,7.95,174.81,11.88
2019,4,2,20,0,15.65,38,1008.3,0,0,100,100,100,100,0,7.56,180,13.32
2019,4,2,21,0,14.73,44,1008.7,0,0,100,100,100,100,0,7.92,180,12.6
2019,4,2,22,0,13.53,54,1009,0,0,100,100,100,100,0,7.92,180,14.4
2019,4,2,23,0,12.31,67,1008.8,0.1,0,100,100,100,100,0,7.2,180,13.68
2019,4,3,0,0,11.33,79,1008.7,0.2,0,100,100,100,100,0,6.64,167.47,13.32
2019,4,3,1,0,10.8,86,1008.6,0.3,0,100,100,100,100,0,6.44,153.43,13.68
2019,4,3,2,0,10.51,90,1008.7,0.4,0,100,100,100,100,0,6.62,135,14.04
2019,4,3,3,0,10.29,93,1008.4,0.4,0,100,100,100,100,0,7.79,123.69,15.48
2019,4,3,4,0,10.21,93,1007.9,0.3,0,100,3,100,100,0,8.71,119.74,15.12
2019,4,3,5,0,9.6,87,1008.1,0,0,100,100,4,100,0,8.29,124.38,16.56
2019,4,3,6,0,9.52,89,1007.7,0,0,100,100,18,100,0,9,126.87,18.36
2019,4,3,7,0,9.52,91,1007.7,0,0,100,100,100,100,0,9.45,130.36,21.6
2019,4,3,8,0,9.95,90,1007.8,0,0,100,100,100,100,0,10.44,136.4,26.64
2019,4,3,9,0,10.74,88,1008,0,0,100,46,100,100,0,12.78,147.65,28.44
2019,4,3,10,0,11.47,87,1008.3,0,0,100,24,100,100,0,15.03,163.3,31.68
2019,4,3,11,0,12.03,83,1008.6,0,0,100,9,100,100,0,16.94,177.56,35.64
2019,4,3,12,0,12.85,72,1009.3,0,0,100,15,100,12,0,19.56,186.34,38.52
2019,4,3,13,0,14,62,1010.4,0,0,100,40,100,17,0,23.84,194.88,41.4
2019,4,3,14,0,12.88,61,1011.5,0,0,56,65,56,11,0,24.72,196.06,40.32
2019,4,3,15,0,13.36,57,1012.2,0,0,100,100,100,9,24.26,24.1,193.83,39.24
2019,4,3,16,0,13.49,55,1012.3,0,0,100,73,100,20,0,23.4,194.25,39.24
2019,4,3,17,0,13.42,54,1012.8,0,0,100,73,100,23,0,21.92,194.26,34.92
2019,4,3,18,0,13.04,55,1013.2,0,0,75,50,58,75,0,20.08,194.53,36
2019,4,3,19,0,12.24,57,1013.8,0,0,15,2,6,15,12.13,18.43,192.41,33.12
2019,4,3,20,0,11.3,59,1014.6,0,0,18,0,7,18,36.82,16.39,188.84,29.16
2019,4,3,21,0,10.29,63,1015.6,0,0,21,0,7,21,0,14.06,182.94,25.92
2019,4,3,22,0,9.52,68,1016.1,0,0,27,0,8,27,0,12.32,173.29,20.16
2019,4,3,23,0,8.8,73,1016.4,0,0,17,0,0,17,0,10.93,162.76,16.2
2019,4,4,0,0,8.08,78,1016.5,0,0,22,0,0,22,0,9.69,148.67,15.48
2019,4,4,1,0,7.5,82,1017,0,0,14,0,0,14,0,8.44,129.81,13.32
2019,4,4,2,0,7.03,84,1016.9,0,0,6,8,0,6,0,7.29,110.22,11.16
2019,4,4,3,0,6.61,86,1016.7,0,0,1.2,4,0,0,0,7.64,98.13,11.52
2019,4,4,4,0,6.17,87,1016.6,0,0,8,26,0,8,0,7.57,92.73,9.72
2019,4,4,5,0,7.62,84,1016.6,0,0,100,0,0,100,0,7.63,109.29,10.44
2019,4,4,6,0,7.31,84,1016.5,0,0,100,4,0,100,0,7.7,100.78,8.64
2019,4,4,7,0,6.85,84,1016.5,0,0,100,3,0,100,0,7.99,97.77,7.56
2019,4,4,8,0,7.56,79,1016.2,0,0,100,2,0,100,0,6.88,96.01,7.2
2019,4,4,9,0,8.58,73,1015.6,0,0,8,2,0,8,0,4.38,99.46,5.04
2019,4,4,10,0,9.75,67,1014.9,0,0,1.2,4,0,0,54.89,1.8,53.13,3.24
2019,4,4,11,0,11.18,58,1014.2,0,0,1.2,4,0,0,59.23,1.8,360,2.88
2019,4,4,12,0,12.64,49,1013.5,0,0,2.1,7,0,0,59.23,1.84,348.69,3.24
2019,4,4,13,0,13.89,44,1012.7,0,0,5.1,17,0,0,58.66,2.6,326.31,3.24
2019,4,4,14,0,15.05,37,1011.9,0,0,5.1,17,0,0,56.74,2.81,320.19,4.68
2019,4,4,15,0,15.85,35,1010.9,0,0,4.8,16,0,0,56.74,3.4,302.01,3.96
2019,4,4,16,0,16.35,33,1009.6,0,0,80,17,80,7,56.94,4.02,296.57,3.6
2019,4,4,17,0,16.6,31,1009,0,0,100,23,100,60,8.94,4.45,284.04,3.96
2019,4,4,18,0,16.31,32,1008.4,0,0,100,31,100,100,0,5.04,270,5.4
2019,4,4,19,0,15.62,34,1008.1,0,0,100,35,100,100,0,5.41,266.19,12.6
2019,4,4,20,0,14.91,36,1008.1,0,0,100,44,100,100,0,4.68,270,12.6
2019,4,4,21,0,14.2,39,1008.3,0,0,100,100,100,100,0,2.88,270,9.72
2019,4,4,22,0,13.45,44,1008.1,0,0,100,100,100,100,0,1.08,270,7.92
2019,4,4,23,0,12.96,47,1007.7,0,0,100,100,100,100,0,1.3,123.69,2.88
2019,4,5,0,0,12.4,51,1007.3,0,0,100,100,100,100,0,3.1,125.54,4.32
2019,4,5,1,0,12,54,1007.3,0,0,100,100,100,100,0,3.83,138.81,11.16
2019,4,5,2,0,11.47,58,1007,0,0,100,100,100,100,0,5.48,156.8,14.04
2019,4,5,3,0,10.73,66,1006.8,0,0,100,100,100,100,0,5.96,154.98,15.84
2019,4,5,4,0,10.04,78,1006.3,0.2,0,100,100,100,100,0,6.64,139.4,15.48
2019,4,5,5,0,8.97,95,1007.6,0.2,0,100,100,100,100,0,8.31,107.65,15.12
2019,4,5,6,0,8.87,95,1007.3,0.1,0,100,100,100,100,0,8.56,104.62,15.48
2019,4,5,7,0,8.85,94,1006.8,0,0,100,100,99,100,0,8.47,102.26,16.56
2019,4,5,8,0,9.91,88,1006.4,0,0,100,100,100,100,0,8.21,105.26,15.48
2019,4,5,9,0,11.05,80,1005.8,0,0,100,100,100,100,0,8.56,112.25,14.76
2019,4,5,10,0,11.82,77,1005.1,0,0,100,100,100,100,0,9.09,123.69,14.4
2019,4,5,11,0,12.39,74,1004.7,0,0,100,100,100,100,0,9.96,139.4,16.92
2019,4,5,12,0,12.93,70,1004.6,0,0,100,100,100,100,0,10.79,154.29,19.08
2019,4,5,13,0,13.13,70,1005,0,0,100,100,100,100,0,11.21,174.47,30.24
2019,4,5,14,0,12.98,72,1005.6,0.8,0,100,100,100,100,0,12.92,192.88,32.76
2019,4,5,15,0,12.38,73,1006.4,0.8,0,100,100,100,100,0,15.65,203.03,34.92
2019,4,5,16,0,11.67,73,1007.3,0.7,0,100,100,100,100,0,18.06,203.5,39.6
2019,4,5,17,0,11.2,69,1008.1,0.1,0,97,18,97,73,0,18.79,200.17,39.96
2019,4,5,18,0,10.96,65,1008.8,0,0,12,0,3,12,0,19.48,196.09,38.88
2019,4,5,19,0,10.07,65,1009.9,0,0,10,0,0,10,52.34,17.65,191.77,35.64
2019,4,5,20,0,8.86,68,1010.6,0,0,3,0,0,3,41.67,15.48,180,32.4
2019,4,5,21,0,8.04,72,1011.6,0,0,9,0,3,9,0,13.36,165.96,28.8
2019,4,5,22,0,7.52,76,1011.8,0,0,46,0,10,46,0,12.56,152.7,27.36
2019,4,5,23,0,7.84,78,1012,0,0,100,0,7,100,0,11.89,144.87,28.8
2019,4,6,0,0,7.8,81,1012,0,0,100,0,3,100,0,11.21,137.6,28.8
2019,4,6,1,0,7.74,83,1011.8,0,0,100,0,2,100,0,10.74,129.56,24.48
2019,4,6,2,0,7.63,84,1011.4,0,0,100,0,3,100,0,10.19,122.01,21.96
2019,4,6,3,0,7.53,84,1010.9,0,0,100,4,3,100,0,10.16,112.93,21.24
2019,4,6,4,0,6.76,86,1010.6,0,0,24,0,8,24,0,9.61,102.99,19.44
2019,4,6,5,0,7.6,78,1007.8,0,0,100,100,100,100,0,9.96,102.53,23.04
2019,4,6,6,0,7.15,82,1007.4,0.2,0,100,100,100,100,0,9.69,111.8,26.64
2019,4,6,7,0,6.98,83,1007,0.3,0,100,100,100,100,0,9.83,113.75,28.44
2019,4,6,8,0,7.18,82,1006.4,0.1,0,100,100,100,100,0,11.18,104.93,30.96
2019,4,6,9,0,7.52,79,1005.2,0.2,0,100,100,100,100,0,12.14,101.98,29.88
2019,4,6,10,0,7.5,81,1004.5,1,0,100,64,100,100,0,13.45,105.52,31.68
2019,4,6,11,0,7.58,84,1004.8,1.5,0,100,0,100,100,0,13.48,124.11,36.36
2019,4,6,12,0,8.25,84,1005.6,1.2,0,100,0,89,100,0,15.31,138.81,39.96
2019,4,6,13,0,9.45,78,1006.2,1,0,100,0,67,100,0,17.97,147.26,41.76
2019,4,6,14,0,9.78,74,1007.3,0.9,0,100,100,100,100,0,20.52,158.39,45.72
2019,4,6,15,0,10.09,71,1008.1,0.9,0,100,0,100,100,0,22.75,175.46,48.6
2019,4,6,16,0,9.9,65,1009.5,0,0,11,0,11,10,0,26.83,191.61,52.92
2019,4,6,17,0,9.56,64,1010.9,0,0,11,0,11,10,52.98,29.37,199.32,51.12
2019,4,6,18,0,9.22,66,1011.8,0,0,100,0,100,11,52.98,26.31,196.7,45.72
2019,4,6,19,0,9.05,69,1012.1,0,0,100,0,100,11,0,20.67,187,39.6
2019,4,6,20,0,8.56,74,1012.7,0,0,100,0,100,21,0,16.62,175.03,36.36
2019,4,6,21,0,8.31,78,1013.2,0,0,100,0,100,100,0,14.84,165.96,30.96
2019,4,6,22,0,8.2,81,1013.4,0,0,100,0,100,100,0,13.71,156.8,29.16
2019,4,6,23,0,8.08,83,1013.6,0,0,100,0,100,100,0,13.4,149.3,28.08
2019,4,7,0,0,7.97,84,1013.6,0,0,100,51,100,100,0,12.39,144.46,26.64
2019,4,7,1,0,7.71,85,1013.8,0,0,100,1,100,100,0,11.59,143.84,23.76
2019,4,7,2,0,7.44,86,1013.7,0,0,100,2,100,100,0,10.46,139.18,21.6
2019,4,7,3,0,7.1,88,1013.5,0,0,100,18,100,100,0,9.18,131.82,18
2019,4,7,4,0,6.76,89,1013,0,0,100,41,100,100,0,7.9,114.23,14.04
2019,4,7,5,0,6.6,94,1011.6,0.7,0,100,100,100,100,0,5.24,74.05,7.56
2019,4,7,6,0,6.49,94,1011.6,0.5,0,100,100,100,100,0,5.15,77.91,7.92
2019,4,7,7,0,6.51,93,1011.9,0,0,100,100,55,100,0,4.68,90,7.2
2019,4,7,8,0,7.14,88,1012.5,0,0,100,100,100,100,0,3.32,102.53,5.04
2019,4,7,9,0,7.99,82,1013.3,0,0,100,100,96,100,0,1.14,161.57,2.52
2019,4,7,10,0,9.05,75,1014.4,0,0,100,0,32,100,0,2.1,239.04,2.52
2019,4,7,11,0,10.08,70,1015,0,0,100,0,27,100,0,3.1,234.46,4.68
2019,4,7,12,0,11.08,66,1015.5,0,0,100,0,5,100,0,2.41,206.57,6.48
2019,4,7,13,0,11.8,64,1016.1,0,0,100,0,0,100,0,2.55,188.13,7.92
2019,4,7,14,0,12.3,63,1016.3,0,0,100,0,0,100,0,2.88,180,6.84
2019,4,7,15,0,12.61,63,1016.5,0,0,100,0,0,100,0,3.08,159.44,7.92
2019,4,7,16,0,12.69,63,1017.1,0,0,100,0,0,100,0,3.22,153.43,7.92
2019,4,7,17,0,12.7,63,1017.6,0,0,100,0,0,100,0,2.9,150.26,6.84
2019,4,7,18,0,12.5,63,1017.7,0,0,100,0,3,100,0,2.81,129.81,6.84
2019,4,7,19,0,12.14,63,1017.2,0,0,17,0,2,17,0,2.9,97.13,6.12
2019,4,7,20,0,11.67,65,1017.6,0,0,17,0,2,17,40.51,3.32,40.6,7.2
2019,4,7,21,0,11.23,67,1017.8,0,0,11,0,4,11,0,5.01,21.04,7.56
2019,4,7,22,0,10,72,1017.9,0,0,8,0,8,7,0,5.15,24.78,10.44
2019,4,7,23,0,9.19,76,1018,0,0,46,0,46,0,0,4.9,36.03,11.88
2019,4,8,0,0,8.44,79,1018,0,0,60,0,60,3,0,5.09,45,12.96
2019,4,8,1,0,7.83,82,1017.8,0,0,50,0,50,12,0,5.4,53.13,12.96
2019,4,8,2,0,7.35,83,1017.4,0,0,23,0,23,22,0,5.12,50.71,12.24
2019,4,8,3,0,6.99,85,1017.3,0,0,68,0,68,18,0,4.39,55.01,10.8
2019,4,8,4,0,6.76,87,1017,0,0,100,0,100,100,0,4.2,59.04,9.72
2019,4,8,5,0,7.83,81,1015,0,0,100,0,81,100,0,5.4,90,3.24
2019,4,8,6,0,7.63,83,1014.9,0,0,100,0,10,100,0,5.41,93.81,2.88
2019,4,8,7,0,7.55,85,1014.9,0,0,100,0,10,100,0,6.21,100.01,4.32
2019,4,8,8,0,7.79,87,1015.3,0,0,100,0,10,100,0,5.69,108.43,5.76
2019,4,8,9,0,8.2,85,1015.6,0.2,0,100,40,70,100,0,6.7,126.25,10.44
2019,4,8,10,0,8.64,84,1015.9,0.3,0,100,46,10,100,0,8.16,138.58,15.12
2019,4,8,11,0,9.06,84,1016,0.1,0,100,2,10,100,0,9.73,141.01,16.56
2019,4,8,12,0,9.54,86,1015.8,0.1,0,100,0,10,100,0,9.96,139.4,16.56
2019,4,8,13,0,10.12,85,1015.7,0.1,0,100,0,0,100,0,10.2,137.86,20.88
2019,4,8,14,0,10.82,84,1015.8,0.1,0,100,0,2,100,0,10.74,140.44,22.68
2019,4,8,15,0,11.97,80,1015.7,0,0,100,0,0,100,0,11.12,150.95,22.68
2019,4,8,16,0,12.23,75,1016,0,0,18,0,5,18,0,11.3,170.84,24.12
2019,4,8,17,0,12.22,72,1016.1,0,0,11,0,3,11,48.51,11.93,185.19,24.84
2019,4,8,18,0,11.98,72,1016,0,0,70,0,3,70,52.98,12.07,190.3,25.2
2019,4,8,19,0,11.52,73,1016.1,0,0,12,0,1,12,15.32,11.37,190.95,24.12
2019,4,8,20,0,10.64,77,1016.4,0,0,100,0,4,100,44.37,9.78,186.34,21.24
2019,4,8,21,0,10.17,80,1017,0,0,100,0,12,100,0,9.01,182.29,19.8
2019,4,8,22,0,9.63,84,1017.3,0,0,100,0,66,100,0,9.03,184.57,19.08
2019,4,8,23,0,9.21,87,1017.6,0,0,100,0,86,100,0,7.59,185.44,16.92
2019,4,9,0,0,8.82,90,1017.6,0,0,100,0,100,100,0,6.29,193.24,15.12
2019,4,9,1,0,8.47,94,1017.7,0.5,0,100,0,100,100,0,4.2,210.96,13.68
2019,4,9,2,0,8.23,95,1018,1.8,0,100,0,100,100,0,3.62,264.29,11.52
2019,4,9,3,0,8.01,95,1018.7,2.1,0,100,0,100,100,0,5.01,291.04,9
2019,4,9,4,0,7.72,96,1019.2,1.8,0,100,0,100,100,0,6.79,302.01,7.2
2019,4,9,5,0,8.73,95,1017.3,0.2,0,100,21,100,100,0,3.98,275.19,7.92
2019,4,9,6,0,8.53,95,1018.4,0.5,0,100,4,100,100,0,6.03,287.35,8.64
2019,4,9,7,0,8.32,95,1019.2,0.3,0,100,0,100,100,0,7.09,293.96,9.36
2019,4,9,8,0,8.22,95,1020.3,0,0,100,0,33,100,0,7.73,297.76,8.28
2019,4,9,9,0,8.24,94,1021.3,0,0,100,0,1,100,0,7.73,297.76,7.92
2019,4,9,10,0,8.47,92,1022.3,0,0,100,0,0,100,0,7.24,296.57,12.6
2019,4,9,11,0,8.69,91,1023.2,0,0,100,0,0,100,0,6.38,286.39,5.4
2019,4,9,12,0,9.12,87,1023.8,0,0,100,0,0,100,0,5.76,270,6.12
2019,4,9,13,0,9.71,81,1024.5,0,0,24,0,0,24,0,5.8,262.87,7.92
2019,4,9,14,0,11.54,71,1025,0,0,100,0,0,100,44.68,6.03,252.65,8.64
2019,4,9,15,0,12.15,67,1025,0,0,100,0,0,100,0,5.96,244.98,10.08
2019,4,9,16,0,12.25,66,1025.2,0,0,100,0,0,100,0,5.99,237.26,8.64
2019,4,9,17,0,11.98,67,1025.7,0,0,100,0,0,100,0,6.41,231.84,11.16
2019,4,9,18,0,11.56,68,1026.3,0,0,100,0,0,100,0,6.37,227.29,10.8
2019,4,9,19,0,11.23,68,1027.1,0,0,100,2,0,100,0,5.4,216.87,8.28
2019,4,9,20,0,10.65,72,1027.7,0,0,100,23,23,100,0,5.01,201.04,10.44
2019,4,9,21,0,10.14,75,1028.3,0,0,100,83,84,100,0,5.15,192.09,11.88
2019,4,9,22,0,9.7,78,1028.7,0,0,100,100,100,100,0,5.8,187.13,12.6
2019,4,9,23,0,9.21,81,1028.6,0,0,100,81,100,100,0,6.12,180,13.32
2019,4,10,0,0,8.62,85,1028.3,0.1,0,100,5,100,100,0,6.48,180,13.68
2019,4,10,1,0,8.23,88,1028.4,0.1,0,100,0,18,100,0,6.13,176.63,14.04
2019,4,10,2,0,7.89,90,1028.9,0.1,0,100,1,2,100,0,6.13,176.63,13.68
2019,4,10,3,0,7.61,91,1029.1,0.1,0,100,25,38,100,0,6.13,176.63,14.04
2019,4,10,4,0,7.34,92,1029.2,0,0,100,14,100,100,0,7.28,171.47,14.4
2019,4,10,5,0,6.72,93,1029,0,0,100,23,23,100,0,8.29,177.51,17.64
2019,4,10,6,0,6.49,92,1029.1,0,0,100,96,97,100,0,9.06,173.16,18.72
2019,4,10,7,0,6.42,91,1029.1,0,0,100,100,100,100,0,9.78,173.66,20.88
2019,4,10,8,0,6.57,89,1028.8,0,0,100,100,100,100,0,11.25,172.65,21.6
2019,4,10,9,0,6.87,87,1028.4,0,0,100,100,100,100,0,12.73,171.87,22.68
2019,4,10,10,0,7.24,85,1028.3,0,0,100,100,100,100,0,14.15,172.69,24.12
2019,4,10,11,0,7.57,86,1028.1,0.4,0,100,100,100,100,0,14.51,172.87,24.48
2019,4,10,12,0,8.11,85,1027.4,0.6,0,100,100,100,100,0,15.33,170.54,26.28
2019,4,10,13,0,8.72,85,1026.7,0.4,0,100,100,100,100,0,15.75,169.46,27.72
2019,4,10,14,0,8.91,86,1025.8,0.5,0,100,100,100,100,0,15.82,168.18,27.72
2019,4,10,15,0,9.15,88,1025.1,0.7,0,100,100,100,100,0,15.04,168.96,25.56
2019,4,10,16,0,9.42,89,1024.4,0.5,0,100,100,100,100,0,13.2,169,23.04
2019,4,10,17,0,9.48,89,1023.8,0.5,0,100,100,100,100,0,11.44,167.28,18.72
2019,4,10,18,0,9.35,91,1023.4,0.9,0,100,100,100,100,0,9.45,162.26,16.2
2019,4,10,19,0,9.15,93,1023.4,1.1,0,100,100,100,100,0,8.37,154.54,13.68
2019,4,10,20,0,8.78,94,1022.9,1.1,0,100,100,100,100,0,7.79,146.31,12.24
2019,4,10,21,0,8.49,94,1022.6,1,0,100,100,100,100,0,7.9,136.85,10.8
2019,4,10,22,0,8.24,94,1022.3,0.9,0,100,100,100,100,0,8.4,136.74,10.08
2019,4,10,23,0,8,94,1021.8,0.6,0,100,100,100,100,0,8.67,138.37,9.72
2019,4,11,0,0,7.76,94,1021.3,0.5,0,100,100,100,100,0,9.18,138.18,10.8
2019,4,11,1,0,7.58,94,1020.7,0.6,0,100,100,100,100,0,8.94,139.9,11.16
2019,4,11,2,0,7.44,94,1020.4,1,0,100,100,100,100,0,9.18,138.18,11.16
2019,4,11,3,0,7.31,94,1019.7,1.1,0,100,100,100,100,0,8.91,136.64,12.24
2019,4,11,4,0,7.19,94,1019.3,1.1,0,100,100,100,100,0,8.65,135,15.84
2019,4,11,5,0,7.61,96,1019.7,1,0,100,100,100,100,0,1.8,126.87,9.36
2019,4,11,6,0,7.42,96,1019.6,1,0,100,100,100,100,0,2.6,123.69,11.52
2019,4,11,7,0,7.29,95,1019.2,0.8,0,100,0,100,100,0,4.07,135,14.04
2019,4,11,8,0,7.43,94,1018.9,0.7,0,100,0,100,100,0,6.3,149.04,16.2
2019,4,11,9,0,7.75,93,1018.8,0.5,0,100,0,100,100,0,8.77,160.82,15.12
2019,4,11,10,0,8.16,93,1018.5,0.5,0,100,0,100,100,0,11.01,168.69,17.64
2019,4,11,11,0,8.57,91,1018.2,0.3,0,100,0,100,100,0,12.73,171.87,20.52
2019,4,11,12,0,8.95,90,1018,0.4,0,100,0,100,100,0,13.76,173.99,22.32
2019,4,11,13,0,9.39,87,1018,0.3,0,100,0,100,100,0,14.51,172.87,24.12
2019,4,11,14,0,9.82,84,1017.6,0.5,0,100,0,100,100,0,14.92,171.67,25.2
2019,4,11,15,0,9.92,83,1016.8,0.4,0,100,0,100,100,0,14.33,168.41,23.76
2019,4,11,16,0,9.97,84,1016.4,0.4,0,100,0,100,100,0,13.66,161.57,24.48
2019,4,11,17,0,10.06,84,1016,0.4,0,100,0,100,100,0,12.88,153.43,22.32
2019,4,11,18,0,9.91,86,1015.5,0.5,0,100,0,100,100,0,11.75,139.97,20.16
2019,4,11,19,0,9.56,88,1015.7,0.8,0,100,0,100,100,0,10.09,124.82,17.28
2019,4,11,20,0,9.05,92,1015.8,1.1,0,100,0,100,100,0,8.56,104.62,13.32
2019,4,11,21,0,8.71,94,1016.1,1.5,0,100,0,100,100,0,8.28,90,11.88
2019,4,11,22,0,8.39,94,1016.6,1.6,0,100,0,84,100,0,7.99,82.23,9.72
2019,4,11,23,0,8.06,94,1016.5,1.2,0,100,0,31,100,0,7.52,73.3,7.56
2019,4,12,0,0,7.74,94,1017,0.7,0,100,0,1,100,0,6.62,67.62,7.56
2019,4,12,1,0,7.45,94,1017.3,0.4,0,100,21,0,100,0,5.96,64.98,7.56
2019,4,12,2,0,7.14,94,1017.4,0.1,0,100,11,0,100,0,4.69,57.53,7.56
2019,4,12,3,0,6.89,94,1018,0,0,100,30,0,100,0,4.33,41.63,7.92
2019,4,12,4,0,6.63,93,1018.3,0,0,100,100,0,100,0,5.19,33.69,9.72
2019,4,12,5,0,7.85,95,1017.1,0.3,0,100,22,0,100,0,4.02,26.57,7.2
2019,4,12,6,0,7.59,95,1017.9,0.2,0,100,6,0,100,0,3.88,21.8,8.28
2019,4,12,7,0,7.35,94,1018.3,0,0,100,0,0,100,0,4.1,15.26,8.28
2019,4,12,8,0,7.26,94,1018.4,0,0,100,0,0,100,0,4.68,360,7.92
2019,4,12,9,0,7.41,93,1018.5,0,0,100,0,0,100,0,4.55,341.57,9
2019,4,12,10,0,7.8,90,1018.9,0,0,100,0,0,100,0,5.4,323.13,6.12
2019,4,12,11,0,8.35,87,1019.4,0,0,100,0,0,100,0,4.9,306.03,4.32
2019,4,12,12,0,9.18,83,1019.6,0,0,100,0,0,100,0,4.38,279.46,2.52
2019,4,12,13,0,9.88,80,1019.8,0,0,100,0,0,100,0,4.02,259.7,2.52
2019,4,12,14,0,10.49,78,1019.9,0,0,100,0,0,100,0,4.83,243.43,5.04
2019,4,12,15,0,10.72,78,1019.5,0,0,100,0,0,100,0,5.4,233.13,6.48
2019,4,12,16,0,10.92,78,1019,0,0,100,31,15,100,0,5.6,225,7.2
2019,4,12,17,0,10.58,78,1019,0,0,100,30,16,100,0,5.69,214.7,7.92
2019,4,12,18,0,10.49,78,1018.9,0,0,100,29,16,100,0,6.44,206.57,9
2019,4,12,19,0,10.5,78,1019.5,0,0,100,100,36,100,0,6.95,201.25,10.8
2019,4,12,20,0,9.82,82,1019.4,0,0,100,0,0,100,0,6.64,192.53,11.88
2019,4,12,21,0,9.29,85,1019.2,0,0,100,0,0,100,0,7.59,185.44,13.68
2019,4,12,22,0,8.81,88,1019.4,0,0,100,0,0,100,0,7.57,182.73,14.4
2019,4,12,23,0,8.29,92,1018.8,0,0,100,0,0,100,0,8.28,180,14.76
2019,4,13,0,0,7.73,94,1018.5,0,0,100,0,3,100,0,9.39,175.6,17.64
2019,4,13,1,0,7.21,95,1018.1,0,0,100,1,1,100,0,9.78,173.66,17.64
2019,4,13,2,0,6.82,94,1017.9,0,0,100,22,2,100,0,10.14,173.88,18.72
2019,4,13,3,0,6.41,94,1017.8,0,0,100,51,78,100,0,10.5,174.09,18.36
2019,4,13,4,0,6,94,1016.9,0,0,100,100,100,100,0,10.9,172.41,20.88
2019,4,13,5,0,7.55,87,1015.1,0,0,100,100,100,100,0,12.5,168.37,27
2019,4,13,6,0,7.08,86,1015,0,0,100,100,100,100,0,12.78,170.27,24.48
2019,4,13,7,0,6.91,85,1014.8,0,0,100,100,100,100,0,13.8,164.88,25.56
2019,4,13,8,0,7.09,84,1014.4,0,0,100,100,100,100,0,14.35,162.47,28.08
2019,4,13,9,0,7.29,84,1014.3,0,0,100,100,100,100,0,14.84,165.96,29.52
2019,4,13,10,0,7.31,88,1014,1.3,0,100,100,100,100,0,15.89,166.91,30.6
2019,4,13,11,0,7.5,89,1013.6,1.3,0,100,100,100,100,0,16.95,167.74,31.32
2019,4,13,12,0,7.71,86,1013.2,0.9,0,100,100,100,100,0,18.43,167.59,34.2
2019,4,13,13,0,8.25,81,1013.2,0.4,0,100,100,100,100,0,19.56,167.24,35.64
2019,4,13,14,0,8.56,78,1012.8,0.1,0,100,100,100,100,0,19.49,168.27,34.92
2019,4,13,15,0,8.54,79,1012.1,0.2,0,100,100,100,100,0,18.78,167.83,35.28
2019,4,13,16,0,8.59,80,1011.3,0.1,0,100,20,10,100,0,18,168.47,39.6
2019,4,13,17,0,8.72,81,1010.6,0.1,0,100,0,0,100,0,17.11,171.53,37.08
2019,4,13,18,0,8.87,83,1010.2,0,0,100,0,0,100,0,15.12,181.36,33.12
2019,4,13,19,0,8.79,83,1010.3,0.3,0,100,0,0,100,0,12.41,196.86,28.44
2019,4,13,20,0,8.29,81,1011.1,0.5,0,87,0,0,87,0,11.09,215.75,25.56
2019,4,13,21,0,7.62,80,1012.3,0,0,61,0,0,61,0,10.95,223.67,20.52
2019,4,13,22,0,6.84,82,1013.1,0,0,100,1,0,100,0,10.51,218.05,18
2019,4,13,23,0,6.02,85,1013.6,0,0,100,0,0,100,0,10.14,207.47,18.36
2019,4,14,0,0,5.17,88,1013.9,0,0,100,0,1,100,0,11.53,194.47,20.52
2019,4,14,1,0,4.63,89,1014.2,0.2,0,100,0,11,100,0,11.9,183.47,18.72
2019,4,14,2,0,4.34,89,1014.7,0.3,0,100,0,2,100,0,11.89,178.26,18.36
2019,4,14,3,0,4.24,90,1014.8,0.3,0,100,0,2,100,0,12.02,171.38,18
2019,4,14,4,0,4.22,91,1014.5,0.1,0,100,0,44,100,0,11.62,163.81,16.92
2019,4,14,5,0,5.01,84,1014.7,0,0,100,99,100,100,0,13.68,180,21.96
2019,4,14,6,0,4.97,86,1014.5,0,0,100,77,100,100,0,12.96,180,21.24
2019,4,14,7,0,5.02,87,1014.4,0,0,100,100,100,100,0,12.62,176.73,19.8
2019,4,14,8,0,5.59,84,1014.3,0,0,100,100,100,100,0,13.34,176.91,20.16
2019,4,14,9,0,6.14,79,1013.9,0,0,100,100,100,100,0,14.06,177.06,20.88
2019,4,14,10,0,6.74,72,1014.1,0,0,100,100,100,100,0,14.4,178.57,20.52
2019,4,14,11,0,7.09,69,1013.8,0,0,100,100,100,100,0,14.4,178.57,21.6
2019,4,14,12,0,7.36,69,1013.8,0.1,0,100,100,100,100,0,14.76,180,20.88
2019,4,14,13,0,7.53,69,1013.8,0.2,0,100,55,100,100,0,14.76,181.4,21.24
2019,4,14,14,0,7.81,69,1013.6,0.2,0,100,0,100,100,0,14.83,185.57,20.16
2019,4,14,15,0,8.03,68,1013.1,0.2,0,100,0,100,100,0,13.44,187.7,19.44
2019,4,14,16,0,8.26,67,1012.8,0.1,0,100,0,100,100,0,12.07,190.3,18.36
2019,4,14,17,0,8.35,66,1012.2,0,0,100,0,100,100,0,11.01,191.31,17.28
2019,4,14,18,0,8.35,67,1012.1,0,0,100,0,100,100,0,10.24,190.12,16.2
2019,4,14,19,0,8.02,68,1012.2,0,0,100,0,100,100,0,9.11,189.09,15.12
2019,4,14,20,0,7.41,72,1012.3,0,0,100,0,100,100,0,7.92,180,13.68
2019,4,14,21,0,6.94,75,1012.6,0.1,0,100,0,100,100,0,7.57,177.27,12.96
2019,4,14,22,0,6.53,78,1012.7,0.2,0,100,0,100,100,0,7.99,172.23,13.32
2019,4,14,23,0,6.11,81,1012.3,0.2,0,100,0,100,100,0,8.4,170.13,13.32
2019,4,15,0,0,5.78,84,1012.4,0.1,0,100,0,86,100,0,8.56,165.38,14.04
2019,4,15,1,0,5.52,86,1012.3,0.1,0,100,0,70,100,0,8.77,160.82,14.04
2019,4,15,2,0,5.3,88,1012.4,0,0,100,0,57,100,0,8.7,155.56,13.68
2019,4,15,3,0,5.13,89,1012.3,0,0,100,2,53,100,0,8.71,150.26,13.32
2019,4,15,4,0,4.92,91,1012.1,0,0,100,9,21,100,0,8.5,143.62,14.04
2019,4,15,5,0,4.66,92,1012.5,0,0,100,1,36,100,0,7.64,135,14.4
2019,4,15,6,0,4.36,92,1012.1,0,0,100,2,47,100,0,8.16,131.42,13.68
2019,4,15,7,0,4.31,91,1012.1,0,0,100,3,57,100,0,8.29,124.38,10.8
2019,4,15,8,0,4.96,86,1011.6,0,0,100,3,100,100,0,6.41,128.16,10.8
2019,4,15,9,0,6.18,78,1010.8,0,0,96,3,96,12,0,5.19,123.69,8.28
2019,4,15,10,0,7.43,68,1010.2,0,0,22,0,22,2,0,3.55,113.96,5.76
2019,4,15,11,0,8.69,63,1009.6,0,0,4,0,0,4,45.96,2.52,90,4.32
2019,4,15,12,0,10.04,57,1008.9,0,0,0.3,1,0,0,57.45,2.81,39.81,4.68
2019,4,15,13,0,11.27,50,1008.7,0,0,0.3,1,0,0,59.81,3.76,16.7,6.48
2019,4,15,14,0,12.28,45,1007.9,0,0,25,29,25,0,59.81,4.74,8.75,8.28
2019,4,15,15,0,13.04,40,1007.2,0,0,100,100,100,0,44.04,5.94,14.04,10.8
2019,4,15,16,0,13.51,38,1006,0,0,100,100,100,0,0,7.42,14.04,12.24
2019,4,15,17,0,13.78,36,1005.8,0,0,100,100,100,0,0,8.29,2.49,12.96
2019,4,15,18,0,13.64,37,1005.7,0,0,100,100,100,1,0,10.5,354.09,14.76
2019,4,15,19,0,13.11,40,1006,0,0,100,100,100,0,0,12.31,344.74,15.12
2019,4,15,20,0,11.96,45,1006.5,0,0,100,100,100,1,0,11.77,336.57,17.64
2019,4,15,21,0,10.9,52,1006.9,0,0,100,100,100,7,0,9.83,336.25,16.2
2019,4,15,22,0,9.9,58,1007.2,0,0,100,100,100,15,0,7.9,335.77,14.76
2019,4,15,23,0,9.27,61,1007.7,0,0,100,100,100,9,0,6.12,331.93,12.6
2019,4,16,0,0,8.83,64,1008.4,0,0,100,78,100,81,0,4.33,318.37,10.08
2019,4,16,1,0,8.5,67,1009.3,0,0,100,3,100,82,0,3.4,302.01,8.28
2019,4,16,2,0,8.12,71,1010.2,0,0,73,0,52,73,0,2.9,277.13,4.68
2019,4,16,3,0,7.6,73,1010.8,0,0,68,0,0,68,0,2.52,270,2.88
2019,4,16,4,0,7.22,75,1011.5,0,0,58,0,0,58,0,1.48,255.96,1.8
2019,4,16,5,0,6.55,79,1012.2,0,0,11,0,0,11,0,4.33,175.24,7.56
2019,4,16,6,0,6.18,83,1013.2,0,0,6,0,0,6,0,5.09,135,7.56
2019,4,16,7,0,6.01,86,1014.3,0,0,2,0,0,2,39.64,6.13,130.24,8.28
2019,4,16,8,0,7.52,81,1014.8,0,0,2,1,0,2,58.72,6.76,154.8,9.72
2019,4,16,9,0,9.25,73,1015.2,0,0,12,14,12,2,58.72,7.99,172.23,10.8
2019,4,16,10,0,10.78,64,1015.4,0,0,90,59,90,6,52.34,9.73,182.12,14.4
2019,4,16,11,0,12.02,57,1015.5,0,0,53,66,53,3,2.55,11.01,191.31,15.84
2019,4,16,12,0,13.09,54,1015.7,0,0,72,52,72,15,26.17,13.1,195.95,20.88
2019,4,16,13,0,13.76,53,1015.7,0,0,100,95,100,100,14.04,15.14,198,22.68
2019,4,16,14,0,14.09,54,1016.5,0,0,100,100,100,100,0,16.52,200.41,25.2
2019,4,16,15,0,14.22,55,1016.8,0,0,100,100,100,100,0,16.78,202.71,29.16
2019,4,16,16,0,13.97,56,1017,0,0,100,100,100,100,0,16.6,204.34,29.52
2019,4,16,17,0,13.81,57,1017.2,0,0,100,100,100,100,0,15.51,201.8,29.52
2019,4,16,18,0,12.98,61,1017.4,0,0,100,100,100,100,0,9.36,180,27
2019,4,16,19,0,11.79,70,1018.1,0.1,0,100,100,100,100,0,8.67,175.24,23.4
2019,4,16,20,0,10.27,83,1018.5,0.5,0,100,100,100,100,0,8.35,172.57,22.68
2019,4,16,21,0,9.24,93,1019.1,0.6,0,100,100,100,100,0,9.53,169.11,19.8
2019,4,16,22,0,9.18,94,1019.7,0.2,0,100,100,100,100,0,10.14,163.5,22.32
2019,4,16,23,0,9.15,94,1020.1,0,0,100,100,10,100,0,10.39,165.96,25.56
2019,4,17,0,0,9.09,94,1020.6,0,0,100,0,0,100,0,10.66,168.31,28.08
2019,4,17,1,0,9.01,94,1020.6,0,0,100,4,1,100,0,11.18,165.07,28.08
2019,4,17,2,0,8.96,95,1021.2,0,0,100,0,0,100,0,11.97,164.29,27
2019,4,17,3,0,8.84,95,1021.2,0,0,100,3,0,100,0,12.14,168.02,24.48
2019,4,17,4,0,8.75,96,1021.9,0,0,100,9,0,100,0,12.02,171.38,23.76
2019,4,17,5,0,8.62,96,1022.9,0,0,100,17,35,100,0,11.93,174.81,23.04
2019,4,17,6,0,8.52,94,1023.2,0,0,100,64,32,100,0,9.39,175.6,21.24
2019,4,17,7,0,8.67,93,1023.8,0,0,100,32,25,100,0,9.53,169.11,21.24
2019,4,17,8,0,9.16,90,1024.5,0,0,100,11,1,100,0,10.59,162.18,20.88
2019,4,17,9,0,9.57,88,1025.4,0,0,100,0,0,100,0,10.97,156.8,18
2019,4,17,10,0,10,86,1026,0,0,100,0,0,100,0,11.44,155.85,17.64
2019,4,17,11,0,10.34,84,1026.4,0,0,100,0,0,100,0,11.75,152.65,17.28
2019,4,17,12,0,10.58,83,1026.6,0,0,100,0,0,100,0,12.4,154.18,16.92
2019,4,17,13,0,10.99,81,1026.8,0,0,100,0,0,100,0,12.3,159.44,16.92
2019,4,17,14,0,11.57,78,1027.1,0,0,100,0,25,100,0,11.97,164.29,17.28
2019,4,17,15,0,12.15,76,1026.7,0,0,100,0,0,100,0,11.09,166.87,16.56
2019,4,17,16,0,12.77,73,1026.6,0,0,100,5,0,100,0,10.66,168.31,15.48
2019,4,17,17,0,13.14,71,1026.3,0,0,14,1,0,14,0,9.89,169.51,14.4
2019,4,17,18,0,13.81,67,1026,0,0,15,2,0,15,51.06,10.82,176.19,14.04
2019,4,17,19,0,14.05,66,1025.9,0,0,22,22,22,6,50.43,10.46,176.05,14.04
2019,4,17,20,0,13.51,68,1026.1,0,0,13,4,13,12,45.96,7.29,159.78,14.04
2019,4,17,21,0,13.21,70,1026.5,0,0,55,2,55,21,3.12,7.42,140.91,15.48
2019,4,17,22,0,12.55,73,1026,0,0,85,5,85,19,0,8.16,131.42,11.88
2019,4,17,23,0,12.1,75,1025.9,0,0,100,54,100,0,0,7.93,129.47,12.24
2019,4,18,0,0,11.61,78,1025.7,0,0,100,100,100,10,0,7.42,129.09,12.6
2019,4,18,1,0,11.25,80,1025.5,0,0,100,100,100,100,0,7.15,130.91,12.24
2019,4,18,2,0,10.98,81,1025.4,0,0,100,100,100,100,0,7.2,126.87,12.6
2019,4,18,3,0,10.35,85,1025,0,0,100,100,100,100,0,8.59,123.02,14.04
2019,4,18,4,0,9.67,89,1024.6,0,0,100,100,100,100,0,9.83,118.44,14.76
2019,4,18,5,0,9.32,91,1024.2,0,0,100,100,100,100,0,9.66,116.57,15.48
2019,4,18,6,0,9.43,90,1023.7,0,0,100,100,100,100,0,7.41,119.05,13.68
2019,4,18,7,0,9.81,89,1023.5,0,0,100,100,100,100,0,6.62,112.38,11.88
2019,4,18,8,0,10.35,88,1023.7,0.2,0,100,100,100,100,0,6.15,110.56,10.44
2019,4,18,9,0,11.06,87,1024.2,0.2,0,100,100,100,100,0,7.24,116.57,12.96
2019,4,18,10,0,11.71,84,1023.8,0,0,100,100,100,100,0,8.59,123.02,14.76
2019,4,18,11,0,12.29,82,1023.2,0,0,100,74,84,100,0,9.69,131.99,20.52
2019,4,18,12,0,13.16,78,1022.6,0,0,100,58,9,100,0,10.8,143.13,24.48
2019,4,18,13,0,14.59,71,1021.8,0,0,100,47,7,100,0,11.79,148.74,25.56
2019,4,18,14,0,15.83,65,1021.2,0,0,100,100,18,100,0,12.56,152.7,26.28
2019,4,18,15,0,16.65,61,1020.6,0,0,100,100,41,100,0,13.68,153.43,21.24
2019,4,18,16,0,17.15,58,1019.9,0,0,100,100,100,100,0,13.85,155.43,21.6
2019,4,18,17,0,17.38,57,1019.2,0,0,100,100,100,100,0,13.38,156.19,21.96
2019,4,18,18,0,16.72,61,1018.3,0,0,100,100,100,100,0,5.8,150.26,24.12
2019,4,18,19,0,15.83,67,1017.7,0,0,100,93,100,100,0,6.11,135,19.8
2019,4,18,20,0,14.67,76,1017.5,0,0,100,66,100,100,0,6.99,145.49,15.48
2019,4,18,21,0,13.88,83,1017.8,0,0,100,0,100,100,0,7.41,150.95,16.2
2019,4,18,22,0,13.27,88,1017.6,0,0,100,0,100,100,0,7.09,156.04,17.28
2019,4,18,23,0,12.83,92,1017.7,0,0,100,0,100,100,0,7.75,158.2,18.36
2019,4,19,0,0,12.42,94,1017.2,0,0,100,0,100,100,0,8.56,157.75,19.08
2019,4,19,1,0,11.95,96,1016.2,0,0,100,0,100,100,0,9,163.74,20.52
2019,4,19,2,0,11.63,97,1015.6,0,0,100,0,100,100,0,9.26,166.5,20.88
2019,4,19,3,0,11.5,97,1015.4,0,0,100,0,100,100,0,9.06,173.16,21.6
2019,4,19,4,0,11.29,97,1015.3,0,0,100,4,100,100,0,9,180,21.24
2019,4,19,5,0,11.05,96,1015.2,0,0,100,18,100,100,0,8.31,184.97,21.24
2019,4,19,6,0,10.87,96,1015.1,0,0,100,100,100,100,0,8.31,175.03,19.44
2019,4,19,7,0,10.94,95,1014.9,0,0,100,100,100,100,0,7.99,172.23,18.36
2019,4,19,8,0,11.4,93,1015,0,0,100,100,100,100,0,7.56,180,16.2
2019,4,19,9,0,11.92,92,1015.5,0,0,100,100,100,100,0,6.92,188.97,12.96
2019,4,19,10,0,12.34,90,1015.6,0,0,100,100,100,100,0,6.38,196.39,12.6
2019,4,19,11,0,12.75,89,1015.9,0,0,100,100,100,100,0,5.82,201.8,11.52
2019,4,19,12,0,12.94,89,1015.6,0,0,100,100,100,100,0,5.32,208.3,10.44
2019,4,19,13,0,13.06,89,1015.2,0.3,0,100,100,100,100,0,5.5,211.61,10.08
2019,4,19,14,0,13.26,88,1014.6,0.6,0,100,100,100,100,0,4.61,231.34,8.64
2019,4,19,15,0,13.34,88,1014.7,0.7,0,100,100,100,100,0,4.55,251.57,6.84
2019,4,19,16,0,13.21,88,1014.4,0.8,0,100,100,100,100,0,4.69,274.4,3.6
2019,4,19,17,0,13.09,87,1014.5,0.9,0,100,100,100,100,0,5.19,303.69,1.44
2019,4,19,18,0,12.52,86,1014.6,0.6,0,100,100,100,100,0,4.68,360,6.12
2019,4,19,19,0,11.99,86,1014.6,0.3,0,100,100,100,100,0,2.97,345.96,7.56
2019,4,19,20,0,11.31,87,1014.6,0.1,0,100,100,95,100,0,2.55,315,5.76
2019,4,19,21,0,11.03,87,1015.4,0,0,100,100,100,100,0,3.1,305.54,2.52
2019,4,19,22,0,10.75,88,1015.6,0,0,100,100,27,100,0,4.07,315,4.32
2019,4,19,23,0,10.52,89,1016,0,0,100,100,3,100,0,4.69,327.53,6.84
2019,4,20,0,0,10.02,92,1015.9,0,0,100,100,3,100,0,5.01,338.96,9
2019,4,20,1,0,9.48,93,1015.6,0,0,26,81,2,26,0,5.48,336.8,11.16
2019,4,20,2,0,8.92,94,1015.2,0,0,34,0,0,34,0,5.48,336.8,12.6
2019,4,20,3,0,8.39,96,1015.6,0,0,100,0,0,100,0,5.82,338.2,14.04
2019,4,20,4,0,7.97,97,1016,0,0,100,0,0,100,0,6.15,339.44,14.76
2019,4,20,5,0,7.77,96,1016.4,0,0,100,0,0,100,0,6.49,340.56,15.12
2019,4,20,6,0,7.59,94,1016.6,0,0,78,0,0,78,0,3.98,354.81,14.76
2019,4,20,7,0,7.6,93,1016.8,0,0,58,0,0,58,8.47,4.02,349.7,13.68
2019,4,20,8,0,8.5,87,1017.3,0,0,41,0,0,41,22.98,5.01,338.96,13.32
2019,4,20,9,0,9.95,78,1017.7,0,0,10,0,0,10,33.83,6.49,326.31,11.16
2019,4,20,10,0,11.16,70,1017.5,0,0,0,0,0,0,53.62,7.93,320.53,12.24
2019,4,20,11,0,12.48,63,1017.6,0,0,0,0,0,0,60,9.42,316.55,12.96
2019,4,20,12,0,13.77,56,1017.6,0,0,1,0,0,1,60,10.69,315,12.96
2019,4,20,13,0,14.74,52,1016.9,0,0,2,0,0,2,59.36,11.72,317.49,13.68
2019,4,20,14,0,15.61,50,1017,0,0,4,0,0,4,58.72,11.99,318.65,13.68
2019,4,20,15,0,16.2,48,1016.8,0,0,0,0,0,0,57.45,12.26,319.76,13.32
2019,4,20,16,0,16.49,47,1016.6,0,0,2,0,0,2,60,11.75,319.97,12.96
2019,4,20,17,0,16.52,47,1017,0,0,1,0,0,1,58.72,11.75,319.97,12.96
2019,4,20,18,0,15.67,49,1017.4,0,0,1,0,0,1,59.36,6.29,283.24,11.16
2019,4,20,19,0,14.62,53,1018.3,0,0,0,0,0,0,59.36,4.02,280.3,8.28
2019,4,20,20,0,13.31,58,1018.8,0,0,1,0,0,1,60,1.3,236.31,2.16
2019,4,20,21,0,12.17,62,1020,0,0,1,0,0,1,7.77,2.55,171.87,4.32
2019,4,20,22,0,11.42,66,1020.5,0,0,3,0,0,3,0,3.88,158.2,5.76
2019,4,20,23,0,10.74,70,1021.2,0,0,0,0,0,0,0,4.51,151.39,7.2
2019,4,21,0,0,10.14,73,1021.7,0,0,1,0,0,1,0,5.5,148.39,8.28
2019,4,21,1,0,9.41,77,1021.6,0,0,2,0,0,2,0,5.9,142.43,9.72
2019,4,21,2,0,8.76,80,1021.9,0,0,4,0,0,4,0,6.13,139.76,10.44
2019,4,21,3,0,8.14,83,1022.4,0,0,0,0,0,0,0,6.13,139.76,11.52
2019,4,21,4,0,7.61,85,1023.2,0,0,2,0,0,2,0,6.62,135,12.24
2019,4,21,5,0,7.12,87,1023.6,0,0,2,0,0,2,0,6.62,135,12.6
2019,4,21,6,0,7.14,88,1024.3,0,0,45,5,2,45,0,5.76,180,13.32
2019,4,21,7,0,7.69,89,1025,0,0,100,3,6,100,26.9,6.12,180,13.32
2019,4,21,8,0,8.67,85,1025.6,0,0,100,3,7,100,0,6.85,183.01,11.88
2019,4,21,9,0,9.11,83,1026.2,0,0,100,1,0,100,0,6.84,180,11.52
2019,4,21,10,0,9.78,79,1026.6,0,0,100,2,0,100,0,6.48,180,9.72
2019,4,21,11,0,10.71,74,1026.6,0,0,100,0,0,100,0,5.45,187.59,7.92
2019,4,21,12,0,11.73,69,1026.8,0,0,100,0,0,100,0,4.68,202.62,6.48
2019,4,21,13,0,12.52,66,1026.5,0,0,13,1,0,13,0,4.07,225,5.76
2019,4,21,14,0,13.32,62,1026,0,0,6,16,4,6,51.7,3.55,246.04,5.04
2019,4,21,15,0,14.59,58,1025.2,0,0,53,50,53,0,56.17,3.67,258.69,4.32
2019,4,21,16,0,15.25,55,1024.8,0,0,100,100,100,2,26.17,4.33,265.24,4.32
2019,4,21,17,0,15.63,55,1024.9,0,0,46,34,46,2,0,5.04,270,4.68
2019,4,21,18,0,15.41,54,1024.9,0,0,33,32,33,4,30.64,6.21,259.99,4.32
2019,4,21,19,0,14.81,55,1024.9,0,0,45,32,45,0,38.94,4.45,255.96,3.6
2019,4,21,20,0,13.71,58,1025.2,0,0,35,60,35,0,31.28,2.52,270,2.88
2019,4,21,21,0,12.76,61,1025.8,0,0,30,100,2,0,5.81,1.44,270,3.96
2019,4,21,22,0,11.94,64,1025.9,0,0,43,100,43,0,0,1.48,194.04,5.4
2019,4,21,23,0,11.32,66,1026.1,0,0,40,100,40,0,0,2.9,172.87,8.28
2019,4,22,0,0,10.48,70,1025.7,0,0,100,100,100,0,0,4.2,149.04,10.08
2019,4,22,1,0,9.89,72,1025.5,0,0,100,100,100,0,0,5,149.74,11.88
2019,4,22,2,0,9.31,73,1025.2,0,0,23,19,23,4,0,5.96,154.98,12.96
2019,4,22,3,0,8.68,75,1025.1,0,0,4.8,16,2,0,0,6.79,147.99,14.4
2019,4,22,4,0,8.1,78,1025.3,0,0,5.1,17,0,3,0,7.2,143.13,15.12
2019,4,22,5,0,7.54,80,1025.3,0,0,6,8,6,5,0,7.9,136.85,16.2
2019,4,22,6,0,7.01,83,1025.5,0,0,28,35,28,24,0,8.4,133.26,17.28
2019,4,22,7,0,7.28,83,1025.6,0,0,100,100,100,100,37.5,7.9,133.15,16.92
2019,4,22,8,0,7.88,81,1025.9,0,0,100,100,100,100,0,7.42,140.91,16.92
2019,4,22,9,0,9.13,76,1025.8,0,0,100,100,100,100,0,9.59,145.71,19.08
2019,4,22,10,0,10.9,69,1025.6,0,0,100,28,100,100,0,11.11,155.1,17.64
2019,4,22,11,0,12.36,61,1025.3,0,0,100,24,100,100,0,12.3,159.44,19.8
2019,4,22,12,0,13.47,47,1024.8,0,0,100,53,100,100,0,14.46,161.11,22.32
2019,4,22,13,0,14.37,46,1024.5,0,0,100,100,100,100,0,15.94,161.57,29.52
2019,4,22,14,0,14.91,45,1024,0,0,100,100,100,100,0,16.52,163.54,29.88
2019,4,22,15,0,15.03,48,1023.5,0,0,100,100,100,100,0,16.07,164.41,29.16
2019,4,22,16,0,14.47,53,1023.2,0,0,100,100,100,100,0,15.48,162.41,30.24
2019,4,22,17,0,13.85,58,1023.3,0,0,100,100,100,100,0,13.66,161.57,27.72
2019,4,22,18,0,13.39,64,1023.4,0,0,100,100,100,100,0,11.77,156.57,27.36
2019,4,22,19,0,12.74,71,1023.3,0.2,0,100,100,100,100,0,10.46,153.43,24.48
2019,4,22,20,0,11.93,79,1022.7,0.3,0,100,100,100,100,0,9.2,149.42,20.52
2019,4,22,21,0,11.37,85,1022.5,0.4,0,100,100,100,100,0,9.2,149.42,21.24
2019,4,22,22,0,11.05,90,1022.2,0.4,0,100,100,100,100,0,9.5,155.38,21.96
2019,4,22,23,0,10.92,92,1022.3,0,0,100,100,100,100,0,9.69,158.2,23.4
